{"val_loss": [0.9484362836394992, 0.9411338966073965, 0.9299177967961281, 0.9370811294868687, 0.9352186845754895, 0.9355656429371783, 0.9297458026423615, 0.9348645690065421, 0.9338188731784044, 0.9464629573375632, 0.93246205710359, 0.9425882389524086, 0.9384854102334478, 0.9334537232586911, 0.9483260806328091, 0.9310922771692276, 0.9223512538042209, 0.913584588924883, 0.9323077713330679, 0.9303967763632923, 0.9201446020234634, 0.9280335252528176, 0.9288074225919228, 0.9276409168630554, 0.926449006794161, 0.9264616722731327, 0.9302044886448796, 0.9652162023953029, 0.9543344979167708, 0.9598849420773435, 0.9681539940579162, 0.9462479891993344, 0.9813754886466277, 0.947938542392205, 0.9498199927810299, 0.9799934539861054], "val_acc": [0.6450892857142857, 0.6454781855299652, 0.6489453915139561, 0.6460560531982691, 0.6558798035594364, 0.6521236637154606, 0.6498121930422448, 0.6506789945447008, 0.6518347298813086, 0.6509679283788528, 0.6518347298813086, 0.6501011268763968, 0.6501011268763968, 0.6550130020569804, 0.6446113840275092, 0.65625, 0.6561687373935884, 0.6567466050618923, 0.6529904652179166, 0.6538572667203725, 0.6570355388960443, 0.6506789945447008, 0.6515457960471567, 0.6532793990520686, 0.6532793990520686, 0.6555908697252844, 0.6532793990520686, 0.6322544642857143, 0.6431667148567493, 0.6396995088297037, 0.6240970818027186, 0.6411441780176854, 0.6310314938223661, 0.6362323028112691, 0.6385437734844849, 0.633342964495582], "loss": [0.9782856652247054, 0.9789464808795856, 0.9756348734639231, 0.9714864148940472, 0.9716621054269499, 0.9724283833428813, 0.9607697673117713, 0.9678079598570866, 0.9624589989940354, 0.9533598683749707, 0.9560748868594873, 0.9523039743471611, 0.9503984797793779, 0.9512871417950551, 0.9458766966856934, 0.9484603854694537, 0.941597879675378, 0.9398482948941007, 0.9339839908834026, 0.9390900815839985, 0.9239363399259664, 0.9253631213251803, 0.9235682534994661, 0.9205110805567098, 0.9226575137531902, 0.9236161074412803, 0.9249170850115832, 1.010134380576866, 1.0085674464746401, 1.003253173418957, 0.9931816737945709, 0.984900594618926, 0.9843068454348263, 0.9693049290925051, 0.9648343482051218, 0.9586395798459905], "acc": [0.6368233816964286, 0.6389209614403666, 0.6395507505173521, 0.6410552464611431, 0.6394807739177898, 0.643154543261386, 0.6445540743621408, 0.6423848010749506, 0.6451138868249658, 0.6477380077507142, 0.6475280781126077, 0.6497673279284547, 0.6491725271867032, 0.6504321052426576, 0.6499422693022329, 0.6495186941964286, 0.6523214722692389, 0.6534061089722698, 0.654000909672312, 0.6547006752716978, 0.6586543507695444, 0.6596690108792693, 0.6602638116210208, 0.6615933661847772, 0.6602288233358379, 0.6604737413154348, 0.6564500891825729, 0.623779296875, 0.6272348762997503, 0.629474126186503, 0.6332528602897168, 0.6345474265891449, 0.6377313600194274, 0.6419649417424301, 0.6446940274841035, 0.6494174451183344]}