{"val_loss": [0.9548843992607934, 0.962906703581117, 0.9672769199937316, 0.9562987860865897, 0.9397570407139156, 0.9326556025127288, 1.002117880883502, 0.955409058357587, 0.9622718609333452, 0.9513322498301694, 0.9357530669269104, 0.9517523873854634, 0.9530025423692506, 0.9605307253204098, 0.9800365496081308], "val_acc": [0.6369977678571429, 0.6376769720078617, 0.6344986998321899, 0.6365212366712538, 0.6483675238714849, 0.6558798035594364, 0.6217856111295028, 0.6318982953248221, 0.6402773765152295, 0.6446113840275092, 0.6506789945447008, 0.646922854700725, 0.6437445825250533, 0.6362323028371017, 0.6359433690029498], "loss": [0.9766974672675133, 0.9666394940584128, 0.9638957006490605, 0.956844819799138, 0.9504690183593346, 0.938263513110032, 0.9338421907139969, 0.9335737439671906, 0.9285258840765489, 0.9200900231522687, 0.9022355697678116, 0.906674612031841, 0.9033745356864198, 0.8997390129485193, 0.8855638300779005], "acc": [0.63916015625, 0.6453588047837081, 0.645393793077233, 0.6474231132549734, 0.648682691275475, 0.6536510269310121, 0.656415100924501, 0.6586193625114725, 0.6585843742388023, 0.6665617018423998, 0.6711101780673996, 0.6692907876195261, 0.6707952835716589, 0.6664917252699484, 0.6785276932352832]}